id,name,type,url,hostname,featured,path,category,subcategory,description,reporter,ip,severity,statusCode,status,updated,address
6a4738,beentrade.org,scam,http://beentrade.org,beentrade.org,0,/*,Scamming,Exchange,Fake exchange,CryptoScamDB,,1,,,1591548543093,qp2z0ammgxkyqfsgkpclzhg975dgstqnru93mnmqp2
19b22c,investmentworld.site,scam,http://investmentworld.site,investmentworld.site,0,/*,Scamming,Ponzi,Ponzi scheme - fake team. Redirect from bondinvest.site,CryptoScamDB,,1,,,1591548543093,qp40j4gcxsf40sutcgk2z0u57hgm6vycssy05th5q3
02b34b,bitcashsv.org,scam,http://bitcashsv.org,bitcashsv.org,0,/*,Phishing,Bitcoin,Fake BitcoinCashSV splitter and email harvesrer,CryptoScamDB,,1,,,1591552144551,qp9rk7fg4avwlu6cf88qq3533g0qyvwh7y78vf4wrk
2a0652,hillstrade.net,scam,http://hillstrade.net,hillstrade.net,0,/*,Scamming,Exchange,Fake exchange (same as your-btc.co.uk),CryptoScamDB,,1,,,1591552144551,qpdjfyy89utdz5ky34exk3s98c9h4ahtwyjgdr9dze
583dbe,grimebit.com,scam,http://grimebit.com,grimebit.com,0,/*,Scamming,Exchange,Fake exchange phishing for deposits,CryptoScamDB,,1,,,1591548543094,qpdmavpxpz2pwd9cxma3669ndyyrpdqw8ucveudydh
507bd4,lifbit.com,scam,http://lifbit.com,lifbit.com,0,/*,Scamming,Exchange,Fake exchange phishing for deposits,CryptoScamDB,,1,,,1591548543094,qpdrdjk7jrhx7tk6ktqvpa5zdvngmffvvcztwflehu
aa61fd,rivbit.com,scam,http://rivbit.com,rivbit.com,0,/*,Scamming,Exchange,Fake exchange phishing for deposits,CryptoScamDB,,1,,,1591548543094,qplal2mlmxwntva42nwe5ma3978k6slc6ywuc0jml8
2c4263,hofbit.com,scam,http://hofbit.com,hofbit.com,0,/*,Scamming,Exchange,Fake exchange phishing for deposits,CryptoScamDB,,1,,,1591548543094,qpmah46nqqapxacz5c842kp6ghrywtgkhuxay3dqz0
a9fe94,glybit.com,scam,http://glybit.com,glybit.com,0,/*,Scamming,Exchange,Fake exchange phishing for deposits,CryptoScamDB,,1,,,1591552144552,qprse9a228d0rf6kj4x3ddvptefsnq6vzszl3efp7x
7ccffb,vertocoins.com,scam,http://vertocoins.com,vertocoins.com,0,/*,Phishing,Exchange,Fake exchange phishing for deposits,CryptoScamDB,,1,,,1591552144552,qpscu99hlrnxyq7yttlel53w75q3udf8m59uwmkrzu
49ed42,paubit.com,scam,http://paubit.com,paubit.com,0,/*,Scamming,Exchange,Fake exchange phishing for deposits,CryptoScamDB,,1,,,1591548543094,qpt64ukysj5gzuznqcj2dest3sfsmn0vycyn0myxze
438e3f,delltrade.com,scam,http://delltrade.com,delltrade.com,0,/*,Scamming,Exchange,Fake exchange (similar to highcoin.net),CryptoScamDB,,1,,,1591552144551,qpvzcsnn66mzlxn03e58tra7sfelcaj7lq770mt5yg
12dbf7,vazebit.com,scam,http://vazebit.com,vazebit.com,0,/*,Phishing,Exchange,Fake exchange phishing for deposits,CryptoScamDB,,1,,,1591548543094,qpyrnpg75kvxxn49lgcdarl7yu0tlrsvnvj947luwx
535b3d,bithextrade.com,scam,http://bithextrade.com,bithextrade.com,0,/*,Scamming,Exchange,Fake exchange phishing for funds and KYC documents,CryptoScamDB,,1,,,1591552144551,qq6qzcaphg3ygysue8lawxan5khscskgwcc6fywx7a
efb4b4,elonmuskgift.com,scam,http://elonmuskgift.com,elonmuskgift.com,0,/*,Scamming,Trust-Trading,Trust trading scam site,CryptoScamDB,,1,,,1591552144551,qq8965c02gw6whrft69vecrhn0ulvtanscqvnjwm2m
f69dea,hoxbit.com,scam,http://hoxbit.com,hoxbit.com,0,/*,Scamming,Exchange,Fake exchange - asking for kyc documents and deposits,CryptoScamDB,,1,,,1591548543094,qqagt82msm8wce5hz6cj2llcarvjss5mecxjealtp8
bf9328,tifbit.com,scam,http://tifbit.com,tifbit.com,0,/*,Scamming,Exchange,Fake exchange phishing for deposits,CryptoScamDB,,1,,,1591552144552,qqc44wx95qgtttu3leywkffucn3msvztrukh59fj3s
cadeee,maticbit.com,scam,http://maticbit.com,maticbit.com,0,/*,Scamming,Exchange,Fake exchange phishing for deposits,CryptoScamDB,,1,,,1591548543094,qqf0lp9tgputy8pyedwcka833r4j3dr2xv3967y3k0
e63339,xtibit.com,scam,http://xtibit.com,xtibit.com,0,/*,Scamming,Exchange,Fake exchange phishing for deposits,CryptoScamDB,,1,,,1591552144552,qqgs0xq7nz6sf4042zehsycpd29fzm64ayfu225wu4
9f62f7,rafbit.com,scam,http://rafbit.com,rafbit.com,0,/*,Scamming,Exchange,Fake exchange phishing for deposits,CryptoScamDB,,1,,,1591548543094,qqgvtq4lptfa7xhq5qdktg2qya6r843asvn9l5r7cc
08cddd,coinbascet.com,scam,http://coinbascet.com,coinbascet.com,0,/*,Scamming,Exchange,Fake exchange phishing for deposits (promo code gives you 0.25btc) - https://redd.it/d6l97g,CryptoScamDB,,1,,,1591552144551,qqkwhkn47y6rzn6t53m3dxsra9zj8a4e4y2qj8lmq2
0c67ff,highcoin.net,scam,http://highcoin.net,highcoin.net,0,/*,Scamming,Exchange,Fake exchange phishing for deposits (promo code gives you 0.25btc) - https://redd.it/d6l97g,CryptoScamDB,,1,,,1591552144551,qqkwhkn47y6rzn6t53m3dxsra9zj8a4e4y2qj8lmq2
55927f,bcash-promo.org,scam,http://bcash-promo.org,bcash-promo.org,0,/*,Scamming,Trust-Trading,Trust trading scam site,CryptoScamDB,,1,,,1591552144551,qql5utn0rh3jvzlglx4djslp06a9fvzf95ammfcc4t
a9fe94,glybit.com,scam,http://glybit.com,glybit.com,0,/*,Scamming,Exchange,Fake exchange phishing for deposits,CryptoScamDB,,1,,,1591552144552,qqmdmv4axg2cdx36kt5p28th865nwuuf0qtw3x0tfx
ebdffe,lorechange.com,scam,http://lorechange.com,lorechange.com,0,/*,Scamming,Exchange,Fake exchange phishing for deposits,CryptoScamDB,,1,,,1591548543094,qqmquaq708cygqxfmcjkep4yh2x2j7mtxyxp7ztf2e
e97b4d,bitshumb.com,scam,http://bitshumb.com,bitshumb.com,0,/*,Scamming,Exchange,Fake exchange - min deposit from user to withdraw (you won 0.25btc),CryptoScamDB,,1,,,1591548543093,qqsuxeq7u2ltxd0gg398w6a76fe3esa5sq2pxdku08
7df860,cashadd.org,scam,http://cashadd.org,cashadd.org,0,/*,Phishing,Malware,Directing users to a Malware chrome extension (ejhpejjgaimmflepbldndhadecmhfdec) to steal secrets - see https://twitter.com/sniko_/status/1127703349749534720 - need to confirm these addresses: 1J3DY9A9pwhDigqMpgnr3o3Xe3rAKk8UKX (btc) 0x12A1CCF979D65333E8e27edE047B476736B584a6 (eth) 0x4F53C9882Ba87d2D7c525dF2aEF2540EFB6e32e5 (eth) 1HzWtuoxruijfAPSuA3dByjUAuZiGH43TF (bch),CryptoScamDB,,1,,,1591552144551,qqxq4kkxzn0stkzxvc8zs7quur285amlgy6mhp4qvp
fce58c,doubleinv.com,scam,http://doubleinv.com,doubleinv.com,0,/*,Scamming,Trust-Trading,Trust trading scam site,CryptoScamDB,,1,,,1591552144551,qr0kaq02jz96t23kyz3h5dmxk9d53p8wg5jqcfgez7
017fe4,cryptoxluck.com,scam,http://cryptoxluck.com,cryptoxluck.com,0,/*,Scamming,Exchange,Fake gambling site phishing for deposits - bad actor asks withdraw to 1DwcR2SJyb8Lqd5oXUeDxE34K8YQcZcMky,CryptoScamDB,,1,,,1591552144547,qr42kzy403xcvcqw34n03325ke3pfdscwsq072n79n
107f07,crypto-generat.ml,scam,http://crypto-generat.ml,crypto-generat.ml,0,/*,Scamming,Trust-Trading,Trust trading scam site - fake web miner,CryptoScamDB,,1,,,1591548543093,qr4msctdg3qudfkxu3g7sy2ek4r8u924yvpqltvp8q
9833a2,dexcompetition.site,scam,http://dexcompetition.site,dexcompetition.site,0,/*,Scamming,Trust-Trading,Trust trading scam site,CryptoScamDB,,1,,,1591552144551,qr6dpf69djfghu9t6h0kzklzy2jkaqrn6q497z4yag
5e2489,benribit.com,scam,http://benribit.com,benribit.com,0,/*,Phishing,Exchange,Fake exchange phishing for deposits (addresses are proxies),CryptoScamDB,,1,,,1591548543094,qr6uc6ym3sxqwvpzypkx24n40pgaeytu350ha4dt4c
7308d7,buylibracoins.com,scam,http://buylibracoins.com,buylibracoins.com,0,/*,Phishing,Libra,Fake Libra crowdsale site,CryptoScamDB,,1,,,1591548543093,qr80gxxwgmvw708ac72pn88f03wte4ypyq6kecf9e0
b6ae26,thelibrasale.com,scam,http://thelibrasale.com,thelibrasale.com,0,/*,Phishing,Libra,Fake Libra crowdsale site (coinpayments.net key:f80aa4883892649f632a43fbe9b66c44),CryptoScamDB,,1,,,1591552144551,qr887wu5fmxfzap06qkt06539mnrgqnn6vyz96zles
a0675a,myetherwallet.co.nz,scam,http://myetherwallet.co.nz,myetherwallet.co.nz,0,/*,Scamming,Exchange,Fake exchange phishing for deposits,CryptoScamDB,,1,,,1591552144550,qr9reejzrte8syfyt5mezem9kxa9cl2qaq5w6fxcp8
de98a6,seriosbit.com,scam,http://seriosbit.com,seriosbit.com,0,/*,Scamming,Exchange,Fake exchange phishing for deposits,CryptoScamDB,,1,,,1591548543094,qrcfynfyw3kw70s3qnwsej27n8w8778t8ulp9z8xnx
07817d,pleinbit.com,scam,http://pleinbit.com,pleinbit.com,0,/*,Phishing,Exchange,Fake exchange phishing for deposits (addresses are proxies),CryptoScamDB,,1,,,1591548543094,qrnmncm6ycag8s8pksptml6ppk65daet05ppgfsdqq
f6c085,lazebit.com,scam,http://lazebit.com,lazebit.com,0,/*,Phishing,Exchange,Fake exchange phishing for deposits (addresses are proxies),CryptoScamDB,,1,,,1591548543094,qrnr5zzjz6mzre9xc7egpvsjay0udkg4a5f9xryh4y
9e9300,coinxkeep.com,scam,http://coinxkeep.com,coinxkeep.com,0,/*,Scamming,Exchange,Fake exchange,CryptoScamDB,,1,,,1591548543093,qrqfgg5c2zwyaleguh33gxrj2q0e266uzu2af4e62r
8e6729,faobit.com,scam,http://faobit.com,faobit.com,0,/*,Scamming,Exchange,Fake exchange phishing for deposits,CryptoScamDB,,1,,,1591552144552,qrwpnrpq7s670s3mlurs0z4szhqwd0nq2szp2mtnn6
9cfdf4,folbit.com,scam,http://folbit.com,folbit.com,0,/*,Scamming,Exchange,Fake exchange phishing for deposits,CryptoScamDB,,1,,,1591552144552,qrxaujaupn56r57c8340a3g5077z0krujuv0e0zc08
6f8d96,blackfridaycrypto.blogspot.com,scam,http://blackfridaycrypto.blogspot.com,blackfridaycrypto.blogspot.com,0,/*,Scamming,Trust-Trading,Trust trading scam site,CryptoScamDB,,1,,,1591552144551,qrxz0w4mlc2dzaxqet0397uga46tj6gkuct9xnz2z5
fde03d,razebit.com,scam,http://razebit.com,razebit.com,0,/*,Phishing,Exchange,Fake exchange phishing for deposits - https://redd.it/evayv1,CryptoScamDB,,1,,,1591552144552,qrzwlpgnj5c06l06znx8xqjffx096fh8pymr80pgvp
3440d8,strainbit.com,scam,http://strainbit.com,strainbit.com,0,/*,Phishing,Exchange,Fake exchange phishing for deposits (addresses are proxies),CryptoScamDB,,1,,,1591548543094,qz3hx8d7rru69h3p8f3gn7h7ucnpq03y9uvrpgmwsr
ae83de,yobit.website,scam,http://yobit.website,yobit.website,0,/*,Scamming,Exchange,Fake yobit site (similar to highcoin.net),CryptoScamDB,,1,,,1591552144551,qz576ee91a05b194fe37103d0a42899664267bd90c
6335d6,nixetrade.com,scam,http://nixetrade.com,nixetrade.com,0,/*,Scamming,Exchange,Fake exchange phishing for deposits,CryptoScamDB,,1,,,1591552144552,qz7k75tn4zpf0en84v9t7av392w5y3yruyz7prq2k7
2d853c,coinexplorer.tech,scam,http://coinexplorer.tech,coinexplorer.tech,0,/*,Phishing,General,Scamming investment platform,CryptoScamDB,,1,,,1591552144551,qz837q4cnugsu8qas96q7ak8dfd7n72p6gywe898fh
24118a,100kbtc.com,scam,http://100kbtc.com,100kbtc.com,0,/*,Scamming,Investments,Scam investment platform using coinpayments,CryptoScamDB,,1,,,1591552144551,qzaeulsm2h6rtazuejhnp98ct2dx47eh8c2zdxgfem
507bd4,lifbit.com,scam,http://lifbit.com,lifbit.com,0,/*,Scamming,Exchange,Fake exchange phishing for deposits,CryptoScamDB,,1,,,1591548543094,qzap2zkpdcal97vghyc2awvxskc7u5qz3gs9nmndg0
d677cd,backxcoin.com,scam,http://backxcoin.com,backxcoin.com,0,/*,Phishing,Malware,Hosting a malicious browser extension down (CCB - same as https://medium.com/mycrypto/ef9c10f0128f - see https://twitter.com/sniko_/status/1116123334830374918,CryptoScamDB,,1,,,1591552144551,qzax9ttd75ey5z93m7l6u3urwfuum5nxqufuhxfzcg
89b18a,gdax.us,scam,http://gdax.us,gdax.us,0,/*,Scamming,Exchange,Fake exchange (same as your-btc.co.uk),CryptoScamDB,,1,,,1591552144551,qzh7l8neh3v868uzu74qpyat4gjz2rdv0yhjktqcp2
415fca,billaxy.com,scam,http://billaxy.com,billaxy.com,0,/*,Scamming,Exchange,Fake exchange phishing for deposits (promo code gives you 0.25btc) - https://redd.it/d6l97g,CryptoScamDB,,1,,,1591552144551,qzk0a6gkdgal4nv5t7vgg0ydnrfjwdxuucmlye0vus
52ebd5,chartrade.com,scam,http://chartrade.com,chartrade.com,0,/*,Scamming,Exchange,Fake exchange phishing for deposits (promo code gives you 0.25btc) - https://redd.it/d6l97g,CryptoScamDB,,1,,,1591552144551,qzkerk46azyr7fcauf9k48pe8acg5ekpqqmcv5ngrr
f000d7,cryptotis.com,scam,http://cryptotis.com,cryptotis.com,0,/*,Scamming,Exchange,Fake exchange,CryptoScamDB,,1,,,1591552144551,qzkmwk9hfjra3gwecc8l5cp4xgteqe8x55zhjzw4fy
058b83,bonuspacex.com,scam,http://bonuspacex.com,bonuspacex.com,0,/*,Scamming,Trust-Trading,Trust trading scam site,CryptoScamDB,,1,,,1591548543094,qzn53c6sksnvduccdup8z4438kqw956n4vj9yxnc8t
c18621,rozbit.com,scam,http://rozbit.com,rozbit.com,0,/*,Scamming,Exchange,Fake exchange phishing for deposits,CryptoScamDB,,1,,,1591552144552,qznz5ms2stvwwcjay2vyftye56z5qqzl0v603srm2j
8214fd,elongiftpromo.com,scam,http://elongiftpromo.com,elongiftpromo.com,0,/*,Scamming,Trust-Trading,Trust trading scam site,CryptoScamDB,,1,,,1591548543094,qzp6xrmhgz02nzqtfda2gheegfvkvvvg5gprrthtqy
bc2c88,elonpromogift.com,scam,http://elonpromogift.com,elonpromogift.com,0,/*,Scamming,Trust-Trading,Trust trading scam site,CryptoScamDB,,1,,,1591548543094,qzp6xrmhgz02nzqtfda2gheegfvkvvvg5gprrthtqy
efce46,your-btc.co.uk,scam,http://your-btc.co.uk,your-btc.co.uk,0,/*,Scamming,Exchange,Fake exchange,CryptoScamDB,,1,,,1591552144551,qzuqzn8y2726k2pwx3767zmja9m9wdh5wyukklr6kf
